카테고리,상품명,브랜드/판매자,가격,배송정보,평점정보,성분정보,링크,이미지URL
수제간식,츄통령 저염황태채 30g,,,,,,https://dogpre.com/product/101286,https://img.funnc.com/mobile/dogpre/product/102/101286_list_L1_01298952.jpg
수제간식,츄통령 닭가슴살&황태채 2종 세트,,,,,,https://dogpre.com/product/101298,https://img.funnc.com/mobile/dogpre/product/102/101298_list_L1_01101295.png
수제간식,복슬강아지 우엉육전 50g,,,,,,https://dogpre.com/product/48587,https://img.funnc.com/mobile/dogpre/product/49/48587_list_L1_01605426.png
수제간식,츄통령 닭가슴살 70g,,,,,,https://dogpre.com/product/101285,https://img.funnc.com/mobile/dogpre/product/102/101285_list_L1_01042649.jpg
수제간식,골드로니 예스아임리얼 필수하루채소모듬 8종 50g,,,,,,https://dogpre.com/product/104121,https://img.funnc.com/mobile/dogpre/product/105/104121_list_L1_01783126.png
수제간식,허글 저염 황태채 200g,,,,,,https://dogpre.com/product/106844,https://img.funnc.com/mobile/dogpre/product/107/106844_list_L1_01698703.jpg
수제간식,스위피 오독오독 바삭 치킨블루베리 120g,,,,,,https://dogpre.com/product/90045,https://img.funnc.com/mobile/dogpre/product/91/90045_list_L1_01135657.png
수제간식,담무 반려동물 전용 식빵 5개입,,,,,,https://dogpre.com/product/106818,https://img.funnc.com/mobile/dogpre/product/107/106818_list_L1_01874272.jpg
수제간식,크레용펫 토종닭츄 토종닭 몸보신 수제간식 7종,,,,,,https://dogpre.com/product/105408,https://img.funnc.com/mobile/dogpre/product/106/105408_list_L1_03166680.jpg
수제간식,딩동펫 일품 수제 건조간식 1kg,,,,,,https://dogpre.com/product/106343,https://img.funnc.com/mobile/dogpre/product/107/106343_list_L1_01483413.jpg
수제간식,동해형씨 원물건조 통생선 한가득 세트 6팩(도치대신 양미리),,,,,,https://dogpre.com/product/96178,https://img.funnc.com/mobile/dogpre/product/97/96178_list_L1_01570983.jpg
수제간식,"뽀뽀제과 생일파티 세트 A (소고기버거, 치즈푸딩, 보타이, 하트초)",,,,,,https://dogpre.com/product/89987,https://img.funnc.com/mobile/dogpre/product/90/89987_list_L1_01069110.png
수제간식,듀먼 오븐 바삭 황태채 40g,,,,,,https://dogpre.com/product/103970,https://img.funnc.com/mobile/dogpre/product/104/103970_list_L1_03402273.jpg
수제간식,펫다이닝 맘마 강아지 한식 코스요리 밀키트,,,,,,https://dogpre.com/product/105383,https://img.funnc.com/mobile/dogpre/product/106/105383_list_L1_01519516.jpg
수제간식,파이25 북어구마 케이크 160g,,,,,,https://dogpre.com/product/105808,https://img.funnc.com/mobile/dogpre/product/106/105808_list_L1_01291014.png
수제간식,버디부 허니츄 순살장어 50g,,,,,,https://dogpre.com/product/104797,https://img.funnc.com/mobile/dogpre/product/105/104797_list_L1_01469728.jpg
수제간식,복슬강아지 한식 4종 세트,,,,,,https://dogpre.com/product/48638,https://img.funnc.com/mobile/dogpre/product/49/48638_list_L1_01333838.png
수제간식,골드로니 예스아임리얼 생생 방울양배추트릿 40g,,,,,,https://dogpre.com/product/104117,https://img.funnc.com/mobile/dogpre/product/105/104117_list_L1_01288015.png
수제간식,골드로니 예스아임리얼 든든 단호박트릿 70g,,,,,,https://dogpre.com/product/104115,https://img.funnc.com/mobile/dogpre/product/105/104115_list_L1_01340570.png
수제간식,슈퍼포우 수제간식 카우스틱 30g,,,,,,https://dogpre.com/product/98387,https://img.funnc.com/mobile/dogpre/product/99/98387_list_L1_01287870.png
수제간식,슈퍼포우 수제간식 돼지귀슬라이스 100g,,,,,,https://dogpre.com/product/98385,https://img.funnc.com/mobile/dogpre/product/99/98385_list_L1_01889865.png
수제간식,복슬강아지 오리안심육포 40g,,,,,,https://dogpre.com/product/43025,https://img.funnc.com/mobile/dogpre/product/44/43025_list_L1_01266001.png
수제간식,복슬강아지 과일스틱 40g,,,,,,https://dogpre.com/product/42695,https://img.funnc.com/mobile/dogpre/product/43/42695_list_L1_04037575.jpg
수제간식,듀먼 댕댕이 치킨텐더 단호박&치즈 120g 10팩,,,,,,https://dogpre.com/product/103692,https://img.funnc.com/mobile/dogpre/product/104/103692_list_L1_01846181.png
수제간식,듀먼 댕댕이 치킨텐더 단호박&치즈 + 토핑 닭안심 통살구이 10팩,,,,,,https://dogpre.com/product/103693,https://img.funnc.com/mobile/dogpre/product/104/103693_list_L1_01125670.png
수제간식,복슬강아지 소고기 4종 세트,,,,,,https://dogpre.com/product/48641,https://img.funnc.com/mobile/dogpre/product/49/48641_list_L1_01993274.png
수제간식,듀먼 댕댕이 치킨텐더 단호박&치즈 120g 7팩,,,,,,https://dogpre.com/product/103690,https://img.funnc.com/mobile/dogpre/product/104/103690_list_L1_01665316.png
수제간식,하림펫푸드 더리얼 레시피 비프볼 100g 4묶음,,,,,,https://dogpre.com/product/83750,https://img.funnc.com/mobile/dogpre/product/84/83750_list_L1_01734060.png
수제간식,도러블 펫 아이스크림 딸기 2개+블루베리 2개 120ml 과일세트,,,,,,https://dogpre.com/product/102915,https://img.funnc.com/mobile/dogpre/product/103/102915_list_L1_01469993.png
수제간식,어글어글 동물복지 유정란 당근 케이크 300g,,,,,,https://dogpre.com/product/100388,https://img.funnc.com/mobile/dogpre/product/101/100388_list_L1_03302561.jpg
